SHA-512,File
2a676b67147ca4b757631057bf6af19548fa7e983cf3283e3527449e53913ace4b568a68a6300c527879899fd156c6b3b3428e42b7ab2f2f8fc14181bb6fd267,Archive\Toolkit_v12.0.tar
44dfdc30e5e60ef6f7d06af5119ccb42d8a54e04688756df0a0f098bae05e997a303c55d5d9105bb6bdee32aebe8abbc6161fac6c619f381778a3c93f1b64269,Archive\Toolkit_v12.1.tar
19a93c774b9710c67eeff34aedd9becb944691bc555148ac7e0dd30204444f1ecc267dd10168b416f53a92340e7ebce247a8d2757fab8e0697dc453261cb965e,Archive\Toolkit_v12.2.tar
0a0354fcca8ed7e11ab700017c1b6a42e242920cd036e984af5011fc84c63838e67163806b1f653fd8d6e9e993260e705d1b97dee7f99db1b801008215772563,Archive\Toolkit_v12.3.tar
3ed5c14f4e12dad0810f46bd5aeb26a9d78452e9ec55ab38827786193013deb5d16c32999c557e727e9ba48c719a14ec886b6c08b295d6aed31ca3528b6b33f9,Archive\Toolkit_v12.4.tar
dc382a9c80bbd3ae6858874cf1d2ab079c6cadc9ca29b38c17a90ca72083da844316b19b604523d123a6990436c07a0dce49a4517ea2e12bed4400270f759cd2,Archive\Toolkit_v12.5.tar
f0d013250ac4a89e2940fd034578a2cb5609e1a0f3e31db3e05c25624770308e7118986d86f3c698c2f655cc663a228029405e6a6b052e43ab69e691f14c48cb,Archive\Toolkit_v12.6.tar
fbceb24c44a8da9709cf22f277284ff685cd7644e4a8d0be1f5e5d6684faf15322ca2bf2005f4a8560be2e295dd05975be7128578a05e24952e5595449cc9c7e,Archive\Toolkit_v12.7.tar
215c6dbf09bfb4705934663a38b8df39af68099aec1e343891ef9564e641fd99df2ef208fc5324f055748de5b1d1e6db47bccd28a04167ae3703b9bb250918ea,Archive\Toolkit_v12.8.tar
3330167bee9a42804d61d19ed82b06360055a5c02c4b3a34b7936626510a1014b91e8c2eacd7ae6e97e2b65c90e979a130b7c4ea05c916120445b363579824d8,Archive\Toolkit_v12.9.tar
f9b8a72d168965a5b5ce4586979d82b6a3d90d9b801722eba4af831e55cda4c4a4f45812a23e3e98af10788e2d670813ab0bd842c7ff736c63a200172492ed7a,Archive\Toolkit_v13.0.tar
29d9228a58cb5912c6dc09648bdaae2eba6a775db61a90d7ae7c43095688891d003ee285e28741cd5b9bb22a4a3c5d34d00e470b39668333bc2a8c5fa1c15481,Archive\Toolkit_v13.1.tar
==================================================,==================================================
7145238d33dde35747339398c1969103eb76a4e80b7f5baf744a71350c65a1554dfd249827de06834720fbbe6a875792cfc141dfc8765e4a7d48626ccde44970,Archive.tar
5fe290c60f11945db735c356ccf5301a6095a6046bddc982531828ed80919f260132c49de1e44bef3b855aae12915c04f180e3e1f20eeb8a809cacb55e8dac54,Packs.tar
23e60cf5e648e81f69e5860063cd43cd55d2f88eb097950d7857adc6bc5c71ec98e26f9326fa7c96afaf4e3a720988177082dc7295b51c5a825d9ab86c850692,Toolkit_v13.2.tar
==================================================,==================================================
I didn't compute the hash of the packs because they were too many.,
